{
    "results": {
        "tool": {
            "name": "pytest",
            "version": "8.4.1"
        },
        "summary": {
            "tests": 2,
            "passed": 2,
            "failed": 0,
            "skipped": 0,
            "pending": 0,
            "other": 0,
            "start": 1776961340.3685312,
            "stop": 1776961340.4270377
        },
        "tests": [
            {
                "name": "test_outputs.py::test_about_file",
                "status": "passed",
                "duration": 0.00045916800445411354,
                "start": 1776961340.4256346,
                "stop": 1776961340.4262707,
                "retries": 0,
                "file_path": "test_outputs.py"
            },
            {
                "name": "test_outputs.py::test_layout_file",
                "status": "passed",
                "duration": 0.0003810360030911397,
                "start": 1776961340.4264233,
                "stop": 1776961340.4269152,
                "retries": 0,
                "file_path": "test_outputs.py"
            }
        ]
    }
}