{
    "results": {
        "tool": {
            "name": "pytest",
            "version": "8.4.1"
        },
        "summary": {
            "tests": 1,
            "passed": 1,
            "failed": 0,
            "skipped": 0,
            "pending": 0,
            "other": 0,
            "start": 1778920826.7124407,
            "stop": 1778920826.7611063
        },
        "tests": [
            {
                "name": "test_outputs.py::test_move_correct",
                "status": "passed",
                "duration": 0.00037031600368209183,
                "start": 1778920826.7604754,
                "stop": 1778920826.7609851,
                "retries": 0,
                "file_path": "test_outputs.py"
            }
        ]
    }
}