{
    "results": {
        "tool": {
            "name": "pytest",
            "version": "8.4.1"
        },
        "summary": {
            "tests": 2,
            "passed": 2,
            "failed": 0,
            "skipped": 0,
            "pending": 0,
            "other": 0,
            "start": 1784231091.4539573,
            "stop": 1784231091.5092402
        },
        "tests": [
            {
                "name": "test_outputs.py::test_summary_file_exists",
                "status": "passed",
                "duration": 0.00038195899833226576,
                "start": 1784231091.5079434,
                "stop": 1784231091.5085042,
                "retries": 0,
                "file_path": "test_outputs.py"
            },
            {
                "name": "test_outputs.py::test_summary_structure_and_counts",
                "status": "passed",
                "duration": 0.00035935500272898935,
                "start": 1784231091.508655,
                "stop": 1784231091.50912,
                "retries": 0,
                "file_path": "test_outputs.py"
            }
        ]
    }
}