{
    "results": {
        "tool": {
            "name": "pytest",
            "version": "8.4.1"
        },
        "summary": {
            "tests": 1,
            "passed": 1,
            "failed": 0,
            "skipped": 0,
            "pending": 0,
            "other": 0,
            "start": 1779111405.9844742,
            "stop": 1779111405.9974527
        },
        "tests": [
            {
                "name": "test_outputs.py::test_attack",
                "status": "passed",
                "duration": 0.0004799299640581012,
                "start": 1779111405.9966235,
                "stop": 1779111405.9973629,
                "retries": 0,
                "file_path": "test_outputs.py"
            }
        ]
    }
}