{
    "results": {
        "tool": {
            "name": "pytest",
            "version": "8.4.1"
        },
        "summary": {
            "tests": 1,
            "passed": 1,
            "failed": 0,
            "skipped": 0,
            "pending": 0,
            "other": 0,
            "start": 1776953537.8750732,
            "stop": 1776953537.9234254
        },
        "tests": [
            {
                "name": "test_outputs.py::test_tests_output",
                "status": "passed",
                "duration": 0.0004036919981444953,
                "start": 1776953537.9227414,
                "stop": 1776953537.923296,
                "retries": 0,
                "file_path": "test_outputs.py"
            }
        ]
    }
}