{
    "results": {
        "tool": {
            "name": "pytest",
            "version": "8.4.1"
        },
        "summary": {
            "tests": 2,
            "passed": 2,
            "failed": 0,
            "skipped": 0,
            "pending": 0,
            "other": 0,
            "start": 1776967243.7891757,
            "stop": 1776967243.840259
        },
        "tests": [
            {
                "name": "test_outputs.py::test_recovery_file_exists",
                "status": "passed",
                "duration": 0.0003606989994295873,
                "start": 1776967243.839091,
                "stop": 1776967243.839614,
                "retries": 0,
                "file_path": "test_outputs.py"
            },
            {
                "name": "test_outputs.py::test_password_match",
                "status": "passed",
                "duration": 0.0003164330009894911,
                "start": 1776967243.8397434,
                "stop": 1776967243.8401518,
                "retries": 0,
                "file_path": "test_outputs.py"
            }
        ]
    }
}