{
    "results": {
        "tool": {
            "name": "pytest",
            "version": "8.4.1"
        },
        "summary": {
            "tests": 2,
            "passed": 2,
            "failed": 0,
            "skipped": 0,
            "pending": 0,
            "other": 0,
            "start": 1784225384.3509557,
            "stop": 1784225384.410079
        },
        "tests": [
            {
                "name": "test_outputs.py::test_about_file",
                "status": "passed",
                "duration": 0.0004516650005825795,
                "start": 1784225384.4086826,
                "stop": 1784225384.409312,
                "retries": 0,
                "file_path": "test_outputs.py"
            },
            {
                "name": "test_outputs.py::test_layout_file",
                "status": "passed",
                "duration": 0.0003790139999182429,
                "start": 1784225384.4094663,
                "stop": 1784225384.409954,
                "retries": 0,
                "file_path": "test_outputs.py"
            }
        ]
    }
}