{
    "results": {
        "tool": {
            "name": "pytest",
            "version": "8.4.1"
        },
        "summary": {
            "tests": 1,
            "passed": 1,
            "failed": 0,
            "skipped": 0,
            "pending": 0,
            "other": 0,
            "start": 1776895302.3893287,
            "stop": 1776895302.4637885
        },
        "tests": [
            {
                "name": "test_outputs.py::test_primers",
                "status": "passed",
                "duration": 0.002698192954994738,
                "start": 1776895302.4606562,
                "stop": 1776895302.4636164,
                "retries": 0,
                "file_path": "test_outputs.py"
            }
        ]
    }
}