{
    "results": {
        "tool": {
            "name": "pytest",
            "version": "8.4.1"
        },
        "summary": {
            "tests": 2,
            "passed": 2,
            "failed": 0,
            "skipped": 0,
            "pending": 0,
            "other": 0,
            "start": 1776968234.979268,
            "stop": 1776968235.0346136
        },
        "tests": [
            {
                "name": "test_outputs.py::test_output_file_exists",
                "status": "passed",
                "duration": 0.00039356200068141334,
                "start": 1776968235.0332987,
                "stop": 1776968235.0338643,
                "retries": 0,
                "file_path": "test_outputs.py"
            },
            {
                "name": "test_outputs.py::test_output_is_correct",
                "status": "passed",
                "duration": 0.00036357399949338287,
                "start": 1776968235.0340183,
                "stop": 1776968235.0344915,
                "retries": 0,
                "file_path": "test_outputs.py"
            }
        ]
    }
}