{
    "results": {
        "tool": {
            "name": "pytest",
            "version": "8.4.1"
        },
        "summary": {
            "tests": 1,
            "passed": 1,
            "failed": 0,
            "skipped": 0,
            "pending": 0,
            "other": 0,
            "start": 1776952890.3576713,
            "stop": 1776952890.4188356
        },
        "tests": [
            {
                "name": "test_outputs.py::test_json_data",
                "status": "passed",
                "duration": 0.0004709800014097709,
                "start": 1776952890.418049,
                "stop": 1776952890.4186969,
                "retries": 0,
                "file_path": "test_outputs.py"
            }
        ]
    }
}