{
    "results": {
        "tool": {
            "name": "pytest",
            "version": "8.4.1"
        },
        "summary": {
            "tests": 1,
            "passed": 1,
            "failed": 0,
            "skipped": 0,
            "pending": 0,
            "other": 0,
            "start": 1776961147.6912758,
            "stop": 1776961147.704298
        },
        "tests": [
            {
                "name": "test_outputs.py::test_attack",
                "status": "passed",
                "duration": 0.0004929530005028937,
                "start": 1776961147.7033677,
                "stop": 1776961147.7042081,
                "retries": 0,
                "file_path": "test_outputs.py"
            }
        ]
    }
}