{
    "results": {
        "tool": {
            "name": "pytest",
            "version": "8.4.1"
        },
        "summary": {
            "tests": 2,
            "passed": 2,
            "failed": 0,
            "skipped": 0,
            "pending": 0,
            "other": 0,
            "start": 1776893817.0111067,
            "stop": 1776893817.0939405
        },
        "tests": [
            {
                "name": "test_outputs.py::test_summary_file_exists",
                "status": "passed",
                "duration": 0.0006419229903258383,
                "start": 1776893817.0918858,
                "stop": 1776893817.0928416,
                "retries": 0,
                "file_path": "test_outputs.py"
            },
            {
                "name": "test_outputs.py::test_summary_structure_and_counts",
                "status": "passed",
                "duration": 0.0005107580218464136,
                "start": 1776893817.0931168,
                "stop": 1776893817.09377,
                "retries": 0,
                "file_path": "test_outputs.py"
            }
        ]
    }
}