{
    "results": {
        "tool": {
            "name": "pytest",
            "version": "8.4.1"
        },
        "summary": {
            "tests": 1,
            "passed": 1,
            "failed": 0,
            "skipped": 0,
            "pending": 0,
            "other": 0,
            "start": 1784236047.755587,
            "stop": 1784236047.8187382
        },
        "tests": [
            {
                "name": "test_outputs.py::test_gblock",
                "status": "passed",
                "duration": 0.0012901169975521043,
                "start": 1784236047.8171365,
                "stop": 1784236047.8186014,
                "retries": 0,
                "file_path": "test_outputs.py"
            }
        ]
    }
}