{
    "results": {
        "tool": {
            "name": "pytest",
            "version": "8.4.1"
        },
        "summary": {
            "tests": 2,
            "passed": 2,
            "failed": 0,
            "skipped": 0,
            "pending": 0,
            "other": 0,
            "start": 1784234022.9275718,
            "stop": 1784234022.9758453
        },
        "tests": [
            {
                "name": "test_outputs.py::test_result_exists",
                "status": "passed",
                "duration": 0.00031920699984766543,
                "start": 1784234022.9747567,
                "stop": 1784234022.9752288,
                "retries": 0,
                "file_path": "test_outputs.py"
            },
            {
                "name": "test_outputs.py::test_data_matches",
                "status": "passed",
                "duration": 0.0003039190050913021,
                "start": 1784234022.975354,
                "stop": 1784234022.9757442,
                "retries": 0,
                "file_path": "test_outputs.py"
            }
        ]
    }
}