{
    "results": {
        "tool": {
            "name": "pytest",
            "version": "8.4.1"
        },
        "summary": {
            "tests": 1,
            "passed": 1,
            "failed": 0,
            "skipped": 0,
            "pending": 0,
            "other": 0,
            "start": 1784225060.8608947,
            "stop": 1784225060.8734124
        },
        "tests": [
            {
                "name": "test_outputs.py::test_attack",
                "status": "passed",
                "duration": 0.0004803199990419671,
                "start": 1784225060.8725843,
                "stop": 1784225060.8733232,
                "retries": 0,
                "file_path": "test_outputs.py"
            }
        ]
    }
}