{
    "results": {
        "tool": {
            "name": "pytest",
            "version": "8.4.1"
        },
        "summary": {
            "tests": 2,
            "passed": 2,
            "failed": 0,
            "skipped": 0,
            "pending": 0,
            "other": 0,
            "start": 1776952710.414982,
            "stop": 1776952710.4643164
        },
        "tests": [
            {
                "name": "test_outputs.py::test_recovery_file_exists",
                "status": "passed",
                "duration": 0.00033795300259953365,
                "start": 1776952710.4631972,
                "stop": 1776952710.4636962,
                "retries": 0,
                "file_path": "test_outputs.py"
            },
            {
                "name": "test_outputs.py::test_password_match",
                "status": "passed",
                "duration": 0.00030010099908395205,
                "start": 1776952710.4638224,
                "stop": 1776952710.4642124,
                "retries": 0,
                "file_path": "test_outputs.py"
            }
        ]
    }
}