{
    "results": {
        "tool": {
            "name": "pytest",
            "version": "8.4.1"
        },
        "summary": {
            "tests": 2,
            "passed": 2,
            "failed": 0,
            "skipped": 0,
            "pending": 0,
            "other": 0,
            "start": 1784231429.7644238,
            "stop": 1784231431.2132947
        },
        "tests": [
            {
                "name": "test_outputs.py::test_modernized_code_runs",
                "status": "passed",
                "duration": 1.4294410020047508,
                "start": 1784231429.7827017,
                "stop": 1784231431.2124383,
                "retries": 0,
                "file_path": "test_outputs.py"
            },
            {
                "name": "test_outputs.py::test_dependency_file_exists",
                "status": "passed",
                "duration": 0.0003548070017131977,
                "start": 1784231431.2127023,
                "stop": 1784231431.2131643,
                "retries": 0,
                "file_path": "test_outputs.py"
            }
        ]
    }
}