{
    "results": {
        "tool": {
            "name": "pytest",
            "version": "8.4.1"
        },
        "summary": {
            "tests": 2,
            "passed": 2,
            "failed": 0,
            "skipped": 0,
            "pending": 0,
            "other": 0,
            "start": 1784234394.9218192,
            "stop": 1784234394.9602864
        },
        "tests": [
            {
                "name": "test_outputs.py::test_result_exists",
                "status": "passed",
                "duration": 0.00033646199881331995,
                "start": 1784234394.9586277,
                "stop": 1784234394.9591107,
                "retries": 0,
                "file_path": "test_outputs.py"
            },
            {
                "name": "test_outputs.py::test_data_matches",
                "status": "passed",
                "duration": 0.0008415410047746263,
                "start": 1784234394.9592333,
                "stop": 1784234394.9601645,
                "retries": 0,
                "file_path": "test_outputs.py"
            }
        ]
    }
}