{
    "results": {
        "tool": {
            "name": "pytest",
            "version": "8.4.1"
        },
        "summary": {
            "tests": 2,
            "passed": 2,
            "failed": 0,
            "skipped": 0,
            "pending": 0,
            "other": 0,
            "start": 1784222617.7271528,
            "stop": 1784222617.7764244
        },
        "tests": [
            {
                "name": "test_outputs.py::test_solution_file",
                "status": "passed",
                "duration": 0.00033719299972290173,
                "start": 1784222617.7752979,
                "stop": 1784222617.7757874,
                "retries": 0,
                "file_path": "test_outputs.py"
            },
            {
                "name": "test_outputs.py::test_solution_content",
                "status": "passed",
                "duration": 0.0003064929951506201,
                "start": 1784222617.7759151,
                "stop": 1784222617.7763114,
                "retries": 0,
                "file_path": "test_outputs.py"
            }
        ]
    }
}