{
    "results": {
        "tool": {
            "name": "pytest",
            "version": "8.4.1"
        },
        "summary": {
            "tests": 1,
            "passed": 1,
            "failed": 0,
            "skipped": 0,
            "pending": 0,
            "other": 0,
            "start": 1776965037.7751586,
            "stop": 1776965039.1684294
        },
        "tests": [
            {
                "name": "test_outputs.py::test_api",
                "status": "passed",
                "duration": 1.376016461999825,
                "start": 1776965037.7918172,
                "stop": 1776965039.1681504,
                "retries": 0,
                "file_path": "test_outputs.py"
            }
        ]
    }
}