{
    "results": {
        "tool": {
            "name": "pytest",
            "version": "8.4.1"
        },
        "summary": {
            "tests": 2,
            "passed": 2,
            "failed": 0,
            "skipped": 0,
            "pending": 0,
            "other": 0,
            "start": 1784222656.2423608,
            "stop": 1784222656.296148
        },
        "tests": [
            {
                "name": "test_outputs.py::test_output_file_exists",
                "status": "passed",
                "duration": 0.0003819189987552818,
                "start": 1784222656.2948742,
                "stop": 1784222656.295425,
                "retries": 0,
                "file_path": "test_outputs.py"
            },
            {
                "name": "test_outputs.py::test_output_is_correct",
                "status": "passed",
                "duration": 0.00035058800131082535,
                "start": 1784222656.2955718,
                "stop": 1784222656.2960277,
                "retries": 0,
                "file_path": "test_outputs.py"
            }
        ]
    }
}