{
    "results": {
        "tool": {
            "name": "pytest",
            "version": "8.4.1"
        },
        "summary": {
            "tests": 2,
            "passed": 2,
            "failed": 0,
            "skipped": 0,
            "pending": 0,
            "other": 0,
            "start": 1779111348.3726418,
            "stop": 1779111348.4216323
        },
        "tests": [
            {
                "name": "test_outputs.py::test_solution_file",
                "status": "passed",
                "duration": 0.00033775297924876213,
                "start": 1779111348.42051,
                "stop": 1779111348.4210048,
                "retries": 0,
                "file_path": "test_outputs.py"
            },
            {
                "name": "test_outputs.py::test_solution_content",
                "status": "passed",
                "duration": 0.00030395801877602935,
                "start": 1779111348.4211338,
                "stop": 1779111348.4215279,
                "retries": 0,
                "file_path": "test_outputs.py"
            }
        ]
    }
}