{
    "results": {
        "tool": {
            "name": "pytest",
            "version": "8.4.1"
        },
        "summary": {
            "tests": 2,
            "passed": 2,
            "failed": 0,
            "skipped": 0,
            "pending": 0,
            "other": 0,
            "start": 1776967333.7244456,
            "stop": 1776967335.7179277
        },
        "tests": [
            {
                "name": "test_outputs.py::test_modernized_code_runs",
                "status": "passed",
                "duration": 1.9732591840001987,
                "start": 1776967333.7433825,
                "stop": 1776967335.7169662,
                "retries": 0,
                "file_path": "test_outputs.py"
            },
            {
                "name": "test_outputs.py::test_dependency_file_exists",
                "status": "passed",
                "duration": 0.0004469459963729605,
                "start": 1776967335.7171905,
                "stop": 1776967335.7177563,
                "retries": 0,
                "file_path": "test_outputs.py"
            }
        ]
    }
}