{
    "results": {
        "tool": {
            "name": "pytest",
            "version": "8.4.1"
        },
        "summary": {
            "tests": 2,
            "passed": 2,
            "failed": 0,
            "skipped": 0,
            "pending": 0,
            "other": 0,
            "start": 1779112711.8457532,
            "stop": 1779112712.2194102
        },
        "tests": [
            {
                "name": "test_outputs.py::test_extract_js_exists",
                "status": "passed",
                "duration": 0.00035426500835455954,
                "start": 1779112711.8971014,
                "stop": 1779112711.8976157,
                "retries": 0,
                "file_path": "test_outputs.py"
            },
            {
                "name": "test_outputs.py::test_output_matches_reference",
                "status": "passed",
                "duration": 0.3213705550006125,
                "start": 1779112711.897745,
                "stop": 1779112712.2192545,
                "retries": 0,
                "file_path": "test_outputs.py"
            }
        ]
    }
}