{
    "results": {
        "tool": {
            "name": "pytest",
            "version": "8.4.1"
        },
        "summary": {
            "tests": 1,
            "passed": 1,
            "failed": 0,
            "skipped": 0,
            "pending": 0,
            "other": 0,
            "start": 1784234989.6552563,
            "stop": 1784234990.928974
        },
        "tests": [
            {
                "name": "test_outputs.py::test_api",
                "status": "passed",
                "duration": 1.2569260410018614,
                "start": 1784234989.6713784,
                "stop": 1784234990.9286735,
                "retries": 0,
                "file_path": "test_outputs.py"
            }
        ]
    }
}