{
    "results": {
        "tool": {
            "name": "pytest",
            "version": "8.4.1"
        },
        "summary": {
            "tests": 2,
            "passed": 2,
            "failed": 0,
            "skipped": 0,
            "pending": 0,
            "other": 0,
            "start": 1776960543.0398567,
            "stop": 1776960543.0890586
        },
        "tests": [
            {
                "name": "test_outputs.py::test_solution_file",
                "status": "passed",
                "duration": 0.00033901499773492105,
                "start": 1776960543.087934,
                "stop": 1776960543.0884295,
                "retries": 0,
                "file_path": "test_outputs.py"
            },
            {
                "name": "test_outputs.py::test_solution_content",
                "status": "passed",
                "duration": 0.000306301997625269,
                "start": 1776960543.0885577,
                "stop": 1776960543.0889542,
                "retries": 0,
                "file_path": "test_outputs.py"
            }
        ]
    }
}