{
    "results": {
        "tool": {
            "name": "pytest",
            "version": "8.4.1"
        },
        "summary": {
            "tests": 1,
            "passed": 1,
            "failed": 0,
            "skipped": 0,
            "pending": 0,
            "other": 0,
            "start": 1776870615.0676663,
            "stop": 1776870615.1347928
        },
        "tests": [
            {
                "name": "test_outputs.py::test_gblock",
                "status": "passed",
                "duration": 0.001461429987102747,
                "start": 1776870615.132861,
                "stop": 1776870615.1346056,
                "retries": 0,
                "file_path": "test_outputs.py"
            }
        ]
    }
}