{
    "results": {
        "tool": {
            "name": "pytest",
            "version": "8.4.1"
        },
        "summary": {
            "tests": 1,
            "passed": 1,
            "failed": 0,
            "skipped": 0,
            "pending": 0,
            "other": 0,
            "start": 1776967209.2234886,
            "stop": 1776967209.2364676
        },
        "tests": [
            {
                "name": "test_outputs.py::test_json_data",
                "status": "passed",
                "duration": 0.0004487190017243847,
                "start": 1776967209.235723,
                "stop": 1776967209.2363367,
                "retries": 0,
                "file_path": "test_outputs.py"
            }
        ]
    }
}