{
    "results": {
        "tool": {
            "name": "pytest",
            "version": "8.4.1"
        },
        "summary": {
            "tests": 1,
            "passed": 1,
            "failed": 0,
            "skipped": 0,
            "pending": 0,
            "other": 0,
            "start": 1779112304.2364566,
            "stop": 1779112304.2490172
        },
        "tests": [
            {
                "name": "test_outputs.py::test_attack",
                "status": "passed",
                "duration": 0.0004784960183314979,
                "start": 1779112304.2481935,
                "stop": 1779112304.2489293,
                "retries": 0,
                "file_path": "test_outputs.py"
            }
        ]
    }
}