{
    "results": {
        "tool": {
            "name": "pytest",
            "version": "8.4.1"
        },
        "summary": {
            "tests": 2,
            "passed": 2,
            "failed": 0,
            "skipped": 0,
            "pending": 0,
            "other": 0,
            "start": 1776894184.9606388,
            "stop": 1776894185.0160906
        },
        "tests": [
            {
                "name": "test_outputs.py::test_solution_file",
                "status": "passed",
                "duration": 0.00042806094279512763,
                "start": 1776894185.0147862,
                "stop": 1776894185.0153942,
                "retries": 0,
                "file_path": "test_outputs.py"
            },
            {
                "name": "test_outputs.py::test_solution_content",
                "status": "passed",
                "duration": 0.00033782602986320853,
                "start": 1776894185.015525,
                "stop": 1776894185.0159597,
                "retries": 0,
                "file_path": "test_outputs.py"
            }
        ]
    }
}