{
    "results": {
        "tool": {
            "name": "pytest",
            "version": "8.4.1"
        },
        "summary": {
            "tests": 2,
            "passed": 2,
            "failed": 0,
            "skipped": 0,
            "pending": 0,
            "other": 0,
            "start": 1776953104.1940334,
            "stop": 1776953105.800398
        },
        "tests": [
            {
                "name": "test_outputs.py::test_modernized_code_runs",
                "status": "passed",
                "duration": 1.5856990309985122,
                "start": 1776953104.2135394,
                "stop": 1776953105.799505,
                "retries": 0,
                "file_path": "test_outputs.py"
            },
            {
                "name": "test_outputs.py::test_dependency_file_exists",
                "status": "passed",
                "duration": 0.00036976499904994853,
                "start": 1776953105.7997756,
                "stop": 1776953105.8002605,
                "retries": 0,
                "file_path": "test_outputs.py"
            }
        ]
    }
}