{
    "results": {
        "tool": {
            "name": "pytest",
            "version": "8.4.1"
        },
        "summary": {
            "tests": 2,
            "passed": 2,
            "failed": 0,
            "skipped": 0,
            "pending": 0,
            "other": 0,
            "start": 1776946869.7555518,
            "stop": 1776946869.814665
        },
        "tests": [
            {
                "name": "test_outputs.py::test_about_file",
                "status": "passed",
                "duration": 0.0004618580005626427,
                "start": 1776946869.8132503,
                "stop": 1776946869.8138905,
                "retries": 0,
                "file_path": "test_outputs.py"
            },
            {
                "name": "test_outputs.py::test_layout_file",
                "status": "passed",
                "duration": 0.0003880239992213319,
                "start": 1776946869.8140454,
                "stop": 1776946869.8145416,
                "retries": 0,
                "file_path": "test_outputs.py"
            }
        ]
    }
}