{
    "results": {
        "tool": {
            "name": "pytest",
            "version": "8.4.1"
        },
        "summary": {
            "tests": 2,
            "passed": 2,
            "failed": 0,
            "skipped": 0,
            "pending": 0,
            "other": 0,
            "start": 1776954193.4896238,
            "stop": 1776954193.547123
        },
        "tests": [
            {
                "name": "test_outputs.py::test_output_file_exists",
                "status": "passed",
                "duration": 0.0004293209985917201,
                "start": 1776954193.5457382,
                "stop": 1776954193.5463552,
                "retries": 0,
                "file_path": "test_outputs.py"
            },
            {
                "name": "test_outputs.py::test_output_is_correct",
                "status": "passed",
                "duration": 0.00037019499904999975,
                "start": 1776954193.5465136,
                "stop": 1776954193.546997,
                "retries": 0,
                "file_path": "test_outputs.py"
            }
        ]
    }
}