{
    "results": {
        "tool": {
            "name": "pytest",
            "version": "8.4.1"
        },
        "summary": {
            "tests": 2,
            "passed": 2,
            "failed": 0,
            "skipped": 0,
            "pending": 0,
            "other": 0,
            "start": 1784225409.0027292,
            "stop": 1784225409.3413017
        },
        "tests": [
            {
                "name": "test_outputs.py::test_extract_js_exists",
                "status": "passed",
                "duration": 0.0003460100015217904,
                "start": 1784225409.0524912,
                "stop": 1784225409.0529907,
                "retries": 0,
                "file_path": "test_outputs.py"
            },
            {
                "name": "test_outputs.py::test_output_matches_reference",
                "status": "passed",
                "duration": 0.28783577200374566,
                "start": 1784225409.0531192,
                "stop": 1784225409.341106,
                "retries": 0,
                "file_path": "test_outputs.py"
            }
        ]
    }
}